{
    "accuracy": [
        0.8903541564941406,
        0.9331666827201843,
        0.942354142665863,
        0.945604145526886,
        0.9472916722297668,
        0.948520839214325,
        0.9509999752044678,
        0.9508541822433472,
        0.9623958468437195,
        0.9642916917800903,
        0.9644791483879089,
        0.9662708044052124,
        0.9657291769981384,
        0.9660833477973938,
        0.9665625095367432,
        0.9662916660308838,
        0.9677916765213013,
        0.9681041836738586,
        0.9676041603088379,
        0.9669791460037231
    ],
    "val_accuracy": [
        0.9544166922569275,
        0.9584166407585144,
        0.9610833525657654,
        0.965583324432373,
        0.9662500023841858,
        0.9651666879653931,
        0.9625833630561829,
        0.9648333191871643,
        0.9742500185966492,
        0.9725833535194397,
        0.9731666445732117,
        0.9715833067893982,
        0.9710833430290222,
        0.9714999794960022,
        0.9728333353996277,
        0.9734166860580444,
        0.9737499952316284,
        0.9759166836738586,
        0.9735000133514404,
        0.9741666913032532
    ],
    "loss": [
        0.5611768960952759,
        0.36787769198417664,
        0.31903988122940063,
        0.2989477813243866,
        0.28661149740219116,
        0.2762052118778229,
        0.2659485340118408,
        0.26613426208496094,
        0.21922408044338226,
        0.1945486068725586,
        0.19113950431346893,
        0.17829684913158417,
        0.17935778200626373,
        0.17537623643875122,
        0.1742659956216812,
        0.17513854801654816,
        0.1709216982126236,
        0.17173649370670319,
        0.1698918491601944,
        0.1700529307126999
    ],
    "val_loss": [
        0.32547199726104736,
        0.27297693490982056,
        0.25130346417427063,
        0.23000726103782654,
        0.22092872858047485,
        0.22150740027427673,
        0.23529697954654694,
        0.22511425614356995,
        0.18095427751541138,
        0.17491766810417175,
        0.1662151962518692,
        0.16526292264461517,
        0.16833893954753876,
        0.16842396557331085,
        0.16010531783103943,
        0.1612626165151596,
        0.15877091884613037,
        0.1570426970720291,
        0.1563812792301178,
        0.15788941085338593
    ]
}